Date,Open,High,Low,Close,Adj Close,Volume
2021-01-04,108.0,109.0,107.0,108.5,96.19105529785156,233250
2021-01-05,108.5,108.5,107.5,107.5,95.30449676513672,142398
2021-01-06,107.0,107.5,104.5,105.5,93.53138732910156,278100
2021-01-07,105.5,107.5,105.5,106.5,94.4179458618164,144050
2021-01-08,106.5,107.0,105.5,106.5,94.4179458618164,198025
2021-01-11,106.0,106.0,105.0,105.0,93.0881118774414,143020
2021-01-12,105.0,106.0,105.0,105.0,93.0881118774414,112040
2021-01-13,105.0,107.0,105.0,105.5,93.53138732910156,112254
2021-01-14,106.0,107.0,105.0,107.0,94.86122131347656,102350
2021-01-15,107.0,108.0,106.0,107.0,94.86122131347656,126260
2021-01-18,107.0,107.0,104.5,105.5,93.53138732910156,107131
2021-01-19,106.5,106.5,105.0,105.5,93.53138732910156,43180
2021-01-20,105.0,105.5,102.5,104.0,92.2015609741211,184050
2021-01-21,104.0,104.5,103.0,104.0,92.2015609741211,63000
2021-01-22,104.0,104.0,103.0,104.0,92.2015609741211,36030
2021-01-25,104.0,104.0,102.5,104.0,92.2015609741211,112205
2021-01-26,104.0,104.5,103.5,103.5,91.7582778930664,57163
2021-01-27,105.5,107.5,105.0,107.5,95.30449676513672,275034
2021-01-28,108.5,108.5,107.5,108.0,95.7477798461914,151100
2021-01-29,108.5,109.0,105.5,105.5,93.53138732910156,138028
2021-02-01,105.5,106.0,104.0,105.0,93.0881118774414,49048
2021-02-02,104.5,104.5,104.0,104.5,92.64483642578125,81150
2021-02-03,104.5,105.5,104.0,105.0,93.0881118774414,64000
2021-02-04,104.5,104.5,103.5,104.5,92.64483642578125,52000
2021-02-05,105.0,105.5,104.0,105.0,93.0881118774414,49000
2021-02-17,104.5,105.5,104.5,104.5,92.64483642578125,58184
2021-02-18,104.5,105.5,104.0,105.0,93.0881118774414,99100
2021-02-19,105.5,106.5,105.0,106.5,94.4179458618164,84120
2021-02-22,108.0,108.5,107.0,107.5,95.30449676513672,120060
2021-02-23,107.0,114.5,107.0,114.5,101.51036834716797,461160
2021-02-24,112.0,114.5,111.5,113.0,100.18053436279297,249164
2021-02-25,113.5,115.5,113.0,114.5,101.51036834716797,154000
2021-02-26,113.5,113.5,111.5,113.5,100.62381744384766,249000
2021-03-02,115.0,115.5,113.5,113.5,100.62381744384766,165000
2021-03-03,114.0,116.0,113.5,116.0,102.84020233154297,185182
2021-03-04,116.0,123.0,116.0,119.0,105.49986267089844,344000
2021-03-05,115.5,119.0,115.5,118.5,105.05658721923828,128150
2021-03-08,119.5,120.0,118.5,118.5,105.05658721923828,98200
2021-03-09,119.0,121.5,119.0,121.0,107.27296447753906,172050
2021-03-10,120.5,121.0,119.5,120.0,106.38642120361328,162625
2021-03-11,120.0,121.0,120.0,120.0,106.38642120361328,122106
2021-03-12,120.0,120.0,118.5,119.0,105.49986267089844,90313
2021-03-15,119.0,119.5,119.0,119.0,105.49986267089844,79100
2021-03-16,119.0,119.0,118.5,118.5,105.05658721923828,77100
2021-03-17,118.5,119.0,118.0,118.5,105.05658721923828,69150
2021-03-18,118.5,119.0,117.0,118.5,105.05658721923828,110136
2021-03-19,118.0,118.5,117.0,117.0,103.72675323486328,110182
2021-03-22,117.5,121.0,117.0,121.0,107.27296447753906,144567
2021-03-23,121.5,121.5,119.0,119.0,105.49986267089844,125100
2021-03-24,119.0,120.5,119.0,120.0,106.38642120361328,74003
2021-03-25,121.0,121.0,119.0,119.5,105.9431381225586,52000
2021-03-26,119.5,120.0,118.5,119.0,105.49986267089844,108000
2021-03-29,119.0,120.0,119.0,120.0,106.38642120361328,77060
2021-03-30,120.0,120.0,118.5,119.5,105.9431381225586,87000
2021-03-31,119.0,120.0,119.0,120.0,106.38642120361328,60000
2021-04-01,119.5,121.0,119.0,120.0,106.38642120361328,122001
2021-04-07,126.5,131.5,126.5,131.0,116.13851165771484,511153
2021-04-08,133.0,134.5,131.0,133.0,117.91161346435547,379050
2021-04-09,133.5,133.5,130.0,132.0,117.02505493164062,170977
2021-04-12,132.5,133.5,132.5,133.0,117.91161346435547,164345
2021-04-13,134.0,134.5,132.0,133.5,118.35488891601562,180044
2021-04-14,134.0,134.0,128.0,130.0,115.251953125,247001
2021-04-15,131.0,133.0,128.5,133.0,117.91161346435547,112083
2021-04-16,130.5,133.0,130.5,133.0,117.91161346435547,73215
2021-04-19,132.5,132.5,131.5,132.5,117.46833801269531,99076
2021-04-20,132.0,133.0,131.5,133.0,117.91161346435547,75001
2021-04-21,133.0,133.0,130.5,131.0,116.13851165771484,87201
2021-04-22,131.0,132.0,129.0,129.0,114.36540222167969,170300
2021-04-23,131.0,132.0,129.5,132.0,117.02505493164062,133050
2021-04-26,132.0,132.0,129.5,131.0,116.13851165771484,194000
2021-04-27,131.0,131.0,129.5,131.0,116.13851165771484,92019
2021-04-28,131.0,131.0,130.0,131.0,116.13851165771484,69130
2021-04-29,130.5,131.0,130.0,131.0,116.13851165771484,65000
2021-05-03,131.0,132.0,127.0,128.0,113.47884368896484,237071
2021-05-04,127.5,128.0,120.5,125.0,110.81917572021484,273001
2021-05-05,124.5,127.0,124.5,126.0,111.70573425292969,71150
2021-05-06,125.0,129.5,125.0,128.5,113.922119140625,110050
2021-05-07,129.0,130.0,128.5,128.5,113.922119140625,122151
2021-05-10,130.0,131.5,129.5,129.5,114.80867004394531,138100
2021-05-11,127.5,129.5,123.5,123.5,109.4893569946289,152030
2021-05-12,122.5,126.0,116.5,118.5,105.05658721923828,381040
2021-05-13,115.0,118.0,113.0,114.0,101.06709289550781,191020
2021-05-14,114.5,119.5,113.5,119.5,105.9431381225586,201036
2021-05-17,112.0,115.0,109.0,112.5,99.73727416992188,242997
2021-05-18,111.0,118.5,111.0,118.0,104.61331176757812,117442
2021-05-19,115.5,117.0,115.0,116.5,103.28347778320312,55000
2021-05-20,118.0,118.0,115.5,117.5,104.17002868652344,59000
2021-05-21,118.0,122.0,118.0,121.5,107.71624755859375,86185
2021-05-24,121.0,123.5,118.0,121.0,107.27296447753906,76030
2021-05-25,121.0,123.5,120.0,121.5,107.71624755859375,94108
2021-05-26,121.5,122.0,120.5,122.0,108.1595230102539,40020
2021-05-27,122.5,128.0,121.0,128.0,113.47884368896484,127430
2021-05-28,127.0,132.0,125.5,129.0,114.36540222167969,300099
2021-05-31,133.0,137.0,132.5,136.0,120.57128143310547,739211
2021-06-01,135.0,136.0,132.5,133.5,118.35488891601562,180052
2021-06-02,133.0,133.0,131.0,132.0,117.02505493164062,139020
2021-06-03,131.5,134.0,131.0,132.0,117.02505493164062,69010
2021-06-04,131.0,133.5,131.0,132.0,117.02505493164062,47000
2021-06-07,132.0,132.0,129.0,130.5,115.69522857666016,76001
2021-06-08,130.5,132.0,130.5,132.0,117.02505493164062,68000
2021-06-09,134.0,134.0,128.5,128.5,113.922119140625,152048
2021-06-10,128.0,129.0,126.5,129.0,114.36540222167969,136000
2021-06-11,129.0,129.0,127.0,128.0,113.47884368896484,66000
2021-06-15,130.0,130.0,128.0,129.5,114.80867004394531,91001
2021-06-16,129.5,129.5,127.5,128.0,113.47884368896484,62000
2021-06-17,127.5,128.5,126.5,128.5,113.922119140625,106000
2021-06-18,128.5,130.0,127.0,128.0,113.47884368896484,159000
2021-06-21,128.0,130.0,127.5,129.5,114.80867004394531,93035
2021-06-22,129.0,132.5,129.0,131.5,116.58177947998047,144048
2021-06-23,132.5,132.5,131.0,132.0,117.02505493164062,44002
2021-06-24,131.5,132.0,131.0,131.5,116.58177947998047,83017
2021-06-25,131.5,132.5,131.0,131.5,116.58177947998047,67020
2021-06-28,132.0,133.0,131.0,132.0,117.02505493164062,90003
2021-06-29,131.0,131.5,129.0,129.0,114.36540222167969,100000
2021-06-30,129.0,131.0,129.0,130.0,115.251953125,89000
2021-07-01,130.5,130.5,129.5,129.5,114.80867004394531,74000
2021-07-02,129.0,130.0,128.5,128.5,113.922119140625,29080
2021-07-05,128.5,130.0,128.5,129.0,114.36540222167969,109000
2021-07-06,129.5,129.5,128.0,128.5,113.922119140625,25000
2021-07-07,128.5,129.0,128.0,128.5,113.922119140625,41092
2021-07-08,128.5,129.5,128.0,129.0,114.36540222167969,62000
2021-07-09,126.0,127.0,124.5,125.0,110.81917572021484,162100
2021-07-12,125.0,126.0,123.0,123.0,109.04607391357422,96700
2021-07-13,123.0,124.0,122.0,122.5,108.6028060913086,65000
2021-07-14,122.0,122.0,120.5,121.0,107.27296447753906,45000
2021-07-15,121.0,121.5,120.5,120.5,106.82969665527344,59000
2021-07-16,120.0,122.0,120.0,120.5,106.82969665527344,44100
2021-07-19,120.0,120.0,118.5,119.0,105.49986267089844,30100
2021-07-20,118.0,118.5,116.0,116.0,102.84020233154297,67100
2021-07-21,115.5,118.0,114.5,115.0,101.95364379882812,102000
2021-07-22,115.0,116.0,114.5,115.0,101.95364379882812,50000
2021-07-23,116.5,117.5,116.0,116.5,103.28347778320312,22000
2021-07-26,116.0,116.0,114.5,115.0,101.95364379882812,32015
2021-07-27,115.0,115.0,114.0,114.5,101.51036834716797,28044
2021-07-28,114.5,114.5,111.5,114.0,101.06709289550781,61000
2021-07-29,113.5,116.0,113.5,115.5,102.39691925048828,16000
2021-07-30,115.5,117.0,115.5,116.0,102.84020233154297,32040
2021-08-02,116.5,116.5,114.5,114.5,101.51036834716797,25000
2021-08-03,114.5,114.5,113.5,114.5,101.51036834716797,26000
2021-08-04,115.0,115.0,113.5,114.5,101.51036834716797,21028
2021-08-05,114.5,114.5,113.5,114.0,101.06709289550781,12000
2021-08-06,113.5,114.0,112.5,112.5,99.73727416992188,35041
2021-08-09,112.0,112.0,110.0,111.0,98.40743255615234,43000
2021-08-10,111.0,111.5,109.0,109.0,96.63432312011719,77001
2021-08-11,109.0,109.0,108.5,109.0,96.63432312011719,88005
2021-08-12,112.0,114.0,111.5,114.0,101.06709289550781,168000
2021-08-13,114.0,114.0,111.0,111.0,98.40743255615234,55000
2021-08-16,111.0,111.0,108.5,109.0,96.63432312011719,53003
2021-08-17,109.0,109.0,107.5,108.0,95.7477798461914,42000
2021-08-18,108.0,109.0,107.0,108.5,96.19105529785156,53000
2021-08-19,108.0,108.0,107.0,107.5,95.30449676513672,26000
2021-08-20,107.5,107.5,106.5,106.5,94.4179458618164,56000
2021-08-23,106.5,110.0,106.5,109.0,96.63432312011719,43000
2021-08-24,108.5,112.0,108.5,110.5,97.96416473388672,60020
2021-08-25,110.5,110.5,110.5,110.5,97.96416473388672,4000
2021-08-26,112.0,114.5,111.0,111.5,98.85071563720703,52004
2021-08-27,112.0,113.0,112.0,113.0,100.18053436279297,50050
2021-08-30,112.0,113.0,112.0,112.5,99.73727416992188,24000
2021-08-31,112.5,113.0,111.0,113.0,100.18053436279297,38017
2021-09-01,112.5,113.0,112.0,112.0,99.29399108886719,78000
2021-09-02,112.5,113.0,111.0,111.5,98.85071563720703,50000
2021-09-03,111.5,113.5,111.0,111.0,98.40743255615234,159000
2021-09-06,111.0,113.0,111.0,112.0,99.29399108886719,40020
2021-09-07,112.0,113.0,109.5,110.5,97.96416473388672,67118
2021-09-08,110.5,110.5,108.0,109.0,96.63432312011719,51000
2021-09-09,108.0,109.5,108.0,109.0,96.63432312011719,43000
2021-09-10,109.5,110.5,109.0,110.0,97.52088165283203,53000
2021-09-13,110.0,111.5,110.0,111.5,98.85071563720703,47000
2021-09-14,112.5,113.0,112.0,112.5,99.73727416992188,76005
2021-09-15,113.0,113.0,111.5,112.5,99.73727416992188,83045
2021-09-16,109.5,110.0,109.0,110.0,100.37602233886719,46000
2021-09-17,109.5,110.0,109.0,109.5,99.91976928710938,17004
2021-09-22,108.0,110.0,108.0,109.5,99.91976928710938,65000
2021-09-23,109.5,111.0,109.5,111.0,101.28852844238281,18000
2021-09-24,112.0,112.0,111.5,112.0,102.20104217529297,16000
2021-09-27,111.5,113.5,111.0,113.0,103.1135482788086,86000
2021-09-28,112.0,115.5,112.0,115.5,105.39482116699219,83100
2021-09-29,115.5,115.5,113.0,113.5,103.56980895996094,35014
2021-09-30,113.5,116.5,113.5,116.0,105.85108184814453,43010
2021-10-01,116.5,116.5,112.0,112.0,102.20104217529297,82000
2021-10-04,113.0,114.0,112.5,113.5,103.56980895996094,42011
2021-10-05,113.0,116.5,112.5,114.5,104.48231506347656,60000
2021-10-06,115.0,115.5,113.0,113.5,103.56980895996094,78000
2021-10-07,114.0,116.0,114.0,116.0,105.85108184814453,80080
2021-10-08,116.0,116.0,115.0,116.0,105.85108184814453,43000
2021-10-12,115.0,115.0,112.5,113.0,103.1135482788086,82000
2021-10-13,114.0,114.0,113.0,113.5,103.56980895996094,34009
2021-10-14,113.5,113.5,112.0,112.5,102.65730285644531,45002
2021-10-15,113.5,114.0,113.0,114.0,104.02606201171875,56000
2021-10-18,114.5,116.5,114.5,116.5,106.30733489990234,112375
2021-10-19,116.0,119.0,116.0,118.5,108.13235473632812,111023
2021-10-20,119.0,124.0,119.0,123.5,112.69490051269531,217023
2021-10-21,124.0,127.0,120.0,125.0,114.06365966796875,527006
2021-10-22,124.0,125.0,121.5,125.0,114.06365966796875,159910
2021-10-25,127.5,128.5,126.0,128.0,116.80119323730469,164000
2021-10-26,128.0,128.0,126.5,127.0,115.88867950439453,96026
2021-10-27,127.0,127.0,125.5,126.5,115.43242645263672,70000
2021-10-28,126.0,126.5,123.0,126.5,115.43242645263672,120000
2021-10-29,127.5,127.5,126.0,126.0,114.9761734008789,110000
2021-11-01,127.5,131.0,127.5,130.5,119.08246612548828,299000
2021-11-02,130.5,131.5,126.5,126.5,115.43242645263672,260023
2021-11-03,126.5,126.5,125.0,125.5,114.5199203491211,160000
2021-11-04,126.0,128.5,126.0,128.0,116.80119323730469,85190
2021-11-05,129.5,131.5,128.5,131.0,119.53872680664062,170010
2021-11-08,129.0,133.0,129.0,132.0,120.45122528076172,217298
2021-11-09,132.0,132.0,129.5,129.5,118.16995239257812,154010
2021-11-10,130.0,132.0,129.0,130.5,119.08246612548828,129498
2021-11-11,130.5,132.0,130.5,130.5,119.08246612548828,78000
2021-11-12,130.5,132.0,130.0,131.0,119.53872680664062,95000
2021-11-15,132.0,132.0,129.0,129.5,118.16995239257812,123006
2021-11-16,131.5,136.0,131.5,133.5,121.81999206542969,432023
2021-11-17,135.0,138.0,134.0,135.0,123.18875885009766,367020
2021-11-18,138.0,142.5,135.0,135.0,123.18875885009766,1302000
2021-11-19,136.0,138.5,136.0,137.5,125.47003173828125,403058
2021-11-22,137.5,139.0,134.5,135.0,123.18875885009766,213220
2021-11-23,134.0,134.5,132.5,132.5,120.90748596191406,144018
2021-11-24,132.5,135.5,131.5,135.5,123.64501190185547,190075
2021-11-25,133.5,134.5,133.0,133.5,121.81999206542969,66005
2021-11-26,133.5,140.5,133.0,138.0,125.92628479003906,413093
2021-11-29,135.5,138.5,133.0,137.5,125.47003173828125,269000
2021-11-30,139.0,142.0,138.0,140.0,127.75131225585938,461000
2021-12-01,140.0,141.5,139.5,141.0,128.66380310058594,150000
2021-12-02,139.0,142.5,138.0,140.0,127.75131225585938,224261
2021-12-03,140.0,143.0,139.0,142.0,129.57632446289062,182000
2021-12-06,142.0,143.5,141.0,142.5,130.03257751464844,71000
2021-12-07,143.5,143.5,141.0,143.0,130.48883056640625,84003
2021-12-08,144.0,144.0,140.0,143.5,130.94508361816406,152106
2021-12-09,144.5,146.0,140.5,146.0,133.2263641357422,332100
2021-12-10,146.0,146.0,140.0,140.5,128.2075653076172,350105
2021-12-13,144.0,144.0,140.5,141.0,128.66380310058594,78000
2021-12-14,140.0,140.5,134.5,135.0,123.18875885009766,309000
2021-12-15,138.0,138.0,135.5,136.0,124.10127258300781,46000
2021-12-16,136.0,136.5,133.5,133.5,121.81999206542969,130002
2021-12-17,132.0,136.5,132.0,135.0,123.18875885009766,95000
2021-12-20,135.0,136.5,134.5,134.5,122.73250579833984,56000
2021-12-21,134.5,135.5,134.0,135.5,123.64501190185547,20000
2021-12-22,134.5,135.0,132.0,134.0,122.2762451171875,100000
2021-12-23,132.5,133.5,132.5,132.5,120.90748596191406,33000
2021-12-24,132.5,133.5,131.0,131.5,119.9949722290039,82000
2021-12-27,131.0,131.5,130.0,130.0,118.62621307373047,127000
2021-12-28,130.0,131.0,128.0,128.0,116.80119323730469,134000
2021-12-29,127.0,129.5,127.0,129.0,117.71370697021484,66200
2021-12-30,129.0,130.5,129.0,130.5,119.08246612548828,54016
2022-01-03,129.5,130.5,127.5,128.5,117.2574462890625,80000
2022-01-04,128.0,131.0,128.0,130.0,118.62621307373047,70000
2022-01-05,129.0,132.0,129.0,131.5,119.9949722290039,42000
2022-01-06,129.5,131.0,128.5,129.0,117.71370697021484,44093
2022-01-07,129.0,130.5,126.0,129.0,117.71370697021484,92000
2022-01-10,128.0,131.0,128.0,130.0,118.62621307373047,29100
2022-01-11,130.0,131.0,128.5,128.5,117.2574462890625,41000
2022-01-12,129.0,129.0,127.0,128.0,116.80119323730469,27000
2022-01-13,130.0,132.0,129.5,130.0,118.62621307373047,51032
2022-01-14,129.5,129.5,128.0,129.0,117.71370697021484,21000
2022-01-17,127.0,128.5,127.0,128.0,116.80119323730469,14018
2022-01-18,128.0,128.0,125.5,125.5,114.5199203491211,72029
2022-01-19,125.0,125.5,123.0,125.0,114.06365966796875,106000
2022-01-20,125.0,126.5,123.0,123.5,112.69490051269531,45050
2022-01-21,122.0,123.5,122.0,122.0,111.32613372802734,29000
2022-01-24,120.5,121.0,119.0,121.0,110.41361999511719,89130
2022-01-25,119.0,121.0,118.0,118.5,108.13235473632812,88000
2022-01-26,118.5,120.0,118.5,119.0,108.58860778808594,41000
2022-02-07,119.0,121.5,119.0,121.5,110.86988067626953,45000
2022-02-08,121.5,122.0,121.0,122.0,111.32613372802734,20000
2022-02-09,122.0,127.0,122.0,127.0,115.88867950439453,73120
2022-02-10,129.0,130.5,126.5,127.0,115.88867950439453,128000
2022-02-11,126.0,128.0,124.5,125.0,114.06365966796875,71050
2022-02-14,125.0,125.0,122.5,123.5,112.69490051269531,53000
2022-02-15,123.0,123.5,122.0,122.5,111.78239440917969,42000
2022-02-16,125.0,125.0,122.5,124.5,113.60741424560547,32000
2022-02-17,123.0,124.5,123.0,123.5,112.69490051269531,17000
2022-02-18,123.0,124.5,122.5,124.5,113.60741424560547,15000
2022-02-21,122.5,126.5,122.5,124.0,113.15115356445312,39020
2022-02-22,122.5,122.5,121.5,122.0,111.32613372802734,32042
2022-02-23,122.0,124.0,122.0,122.0,111.32613372802734,34000
2022-02-24,123.5,123.5,118.0,119.5,109.04486083984375,116000
2022-02-25,122.0,122.0,118.5,119.0,108.58860778808594,45000
2022-03-01,122.5,122.5,120.5,122.0,111.32613372802734,22020
2022-03-02,123.0,123.0,121.0,122.5,111.78239440917969,42000
2022-03-03,122.5,123.5,121.0,121.5,110.86988067626953,69045
2022-03-04,121.0,122.5,120.5,122.5,111.78239440917969,28000
2022-03-07,120.0,120.0,117.0,118.5,108.13235473632812,115023
2022-03-08,118.5,119.0,115.5,116.0,105.85108184814453,62036
2022-03-09,118.0,118.0,114.0,115.5,105.39482116699219,161000
2022-03-10,117.0,117.0,112.5,112.5,102.65730285644531,175000
2022-03-11,113.0,113.0,111.5,112.5,102.65730285644531,69000
2022-03-14,113.0,115.0,112.5,112.5,102.65730285644531,56000
2022-03-15,111.5,111.5,107.0,108.0,98.55101013183594,221000
2022-03-16,110.5,113.0,110.0,110.5,100.83228302001953,120001
2022-03-17,114.0,114.0,113.0,113.0,103.1135482788086,51000
2022-03-18,112.5,114.0,110.5,113.5,103.56980895996094,58000
2022-03-21,114.0,116.0,114.0,115.0,104.93856811523438,34000
2022-03-22,116.5,116.5,115.0,116.5,106.30733489990234,22000
2022-03-23,117.0,119.5,117.0,118.5,108.13235473632812,81000
2022-03-24,115.5,118.0,115.5,118.0,107.67610168457031,39000
2022-03-25,119.0,119.0,116.0,116.0,105.85108184814453,27300
2022-03-28,116.0,116.0,115.0,116.0,105.85108184814453,16020
2022-03-29,116.0,117.0,116.0,116.5,106.30733489990234,6000
2022-03-30,116.5,118.0,116.5,118.0,107.67610168457031,25228
2022-03-31,116.0,118.0,115.5,115.5,105.39482116699219,82000
2022-04-01,115.0,115.5,114.5,114.5,104.48231506347656,25021
2022-04-06,114.0,114.5,113.0,113.5,103.56980895996094,47000
2022-04-07,115.0,119.5,114.0,116.5,106.30733489990234,99000
2022-04-08,116.5,117.0,115.5,117.0,106.76358795166016,46000
2022-04-11,117.5,117.5,114.5,115.0,104.93856811523438,38000
2022-04-12,114.5,115.0,112.5,112.5,102.65730285644531,85000
2022-04-13,113.0,116.0,113.0,115.5,105.39482116699219,28000
2022-04-14,116.0,116.0,112.0,113.5,103.56980895996094,87000
2022-04-15,112.5,113.0,112.0,112.5,102.65730285644531,60000
2022-04-18,112.0,112.0,110.0,110.5,100.83228302001953,89000
2022-04-19,112.0,113.0,111.0,113.0,103.1135482788086,25000
2022-04-20,113.0,114.0,112.5,113.5,103.56980895996094,26000
2022-04-21,113.5,114.5,113.0,113.5,103.56980895996094,28000
2022-04-22,113.0,113.5,112.0,112.5,102.65730285644531,38000
2022-04-25,111.0,111.0,110.5,110.5,100.83228302001953,33000
2022-04-26,111.0,111.5,110.0,111.5,101.74478912353516,64000
2022-04-27,108.5,109.0,107.5,109.0,99.46350860595703,110000
2022-04-28,108.5,109.0,106.5,108.5,99.00726318359375,151000
2022-04-29,108.5,109.5,108.0,109.5,99.91976928710938,30000
2022-05-03,109.5,112.5,109.5,112.0,102.20104217529297,44000
2022-05-04,113.0,115.0,112.5,114.0,104.02606201171875,39000
2022-05-05,113.0,114.5,113.0,113.0,103.1135482788086,38000
2022-05-06,110.5,112.0,109.0,110.0,100.37602233886719,77000
2022-05-09,109.5,109.5,107.5,108.5,99.00726318359375,33010
2022-05-10,107.5,110.0,107.0,109.5,99.91976928710938,44064
2022-05-11,109.5,109.5,108.5,109.5,99.91976928710938,25072
2022-05-12,108.0,108.5,108.0,108.5,99.00726318359375,42070
2022-05-13,109.0,109.5,109.0,109.5,99.91976928710938,17000
2022-05-16,109.5,109.5,109.0,109.5,99.91976928710938,23000
2022-05-17,109.5,110.5,109.5,110.0,100.37602233886719,12000
2022-05-18,109.5,111.0,108.5,109.0,99.46350860595703,30000
2022-05-19,109.0,110.0,108.0,108.5,99.00726318359375,33000
2022-05-20,109.0,109.5,108.5,108.5,99.00726318359375,24000
2022-05-23,109.0,109.5,109.0,109.5,99.91976928710938,14000
2022-05-24,110.5,110.5,109.5,109.5,99.91976928710938,20000
2022-05-25,110.5,110.5,109.0,109.5,99.91976928710938,23020
2022-05-26,111.5,111.5,110.0,110.5,100.83228302001953,29000
2022-05-27,110.0,111.5,110.0,111.5,101.74478912353516,30001
2022-05-30,112.0,112.0,110.5,111.5,101.74478912353516,39000
2022-05-31,112.5,115.0,111.0,112.5,102.65730285644531,101000
2022-06-01,113.0,115.5,113.0,115.0,104.93856811523438,45000
2022-06-02,115.5,117.0,115.0,115.5,105.39482116699219,94002
2022-06-06,115.5,116.5,114.0,115.0,104.93856811523438,58000
2022-06-07,115.0,115.0,113.5,114.0,104.02606201171875,24000
2022-06-08,114.5,115.5,114.5,115.0,104.93856811523438,18000
2022-06-09,115.0,115.5,114.5,115.5,105.39482116699219,20013
2022-06-10,114.5,114.5,113.5,113.5,103.56980895996094,68000
2022-06-13,113.0,113.0,110.5,111.5,101.74478912353516,74000
2022-06-14,112.0,112.0,109.5,111.0,101.28852844238281,45000
2022-06-15,111.0,113.0,110.5,112.5,102.65730285644531,25201
2022-06-16,113.5,113.5,111.5,113.0,103.1135482788086,17000
2022-06-17,110.0,111.0,109.5,110.0,100.37602233886719,29000
2022-06-20,110.0,110.5,107.5,107.5,98.0947494506836,40000
2022-06-21,109.0,110.5,108.5,110.5,100.83228302001953,46000
2022-06-22,110.0,110.0,106.5,108.5,99.00726318359375,104370
2022-06-23,111.0,111.0,108.5,109.0,99.46350860595703,43000
2022-06-24,110.0,110.5,109.0,109.5,99.91976928710938,43000
2022-06-27,110.0,111.0,109.5,110.5,100.83228302001953,38000
2022-06-28,110.0,110.0,109.5,109.5,99.91976928710938,18000
2022-06-29,107.5,109.0,107.5,109.0,99.46350860595703,23000
2022-06-30,110.0,110.0,106.0,109.0,99.46350860595703,88020
2022-07-01,107.0,108.5,98.0999984741211,102.0,93.0759506225586,403010
2022-07-04,102.5,104.5,99.80000305175781,102.0,93.0759506225586,102000
2022-07-05,104.0,104.0,102.5,103.0,93.98845672607422,33000
2022-07-06,104.0,104.0,103.0,103.0,93.98845672607422,70000
2022-07-07,103.0,104.0,102.0,103.0,93.98845672607422,31241
2022-07-08,106.0,106.5,105.0,105.5,96.26972961425781,71120
2022-07-11,106.0,107.5,106.0,106.5,97.18224334716797,36000
2022-07-12,106.0,106.5,105.0,105.0,95.8134765625,24000
2022-07-13,108.5,108.5,105.5,108.5,99.00726318359375,35000
2022-07-14,107.0,109.0,107.0,108.5,99.00726318359375,16000
2022-07-15,108.5,108.5,106.0,106.0,96.72599029541016,40000
2022-07-18,108.0,108.5,105.0,108.5,99.00726318359375,45000
2022-07-19,108.5,110.0,108.0,109.5,99.91976928710938,48020
2022-07-20,110.5,110.5,108.5,109.0,99.46350860595703,39000
2022-07-21,110.5,110.5,109.5,109.5,99.91976928710938,18000
2022-07-22,111.5,111.5,110.0,111.0,101.28852844238281,22000
2022-07-25,112.0,112.5,111.5,112.5,102.65730285644531,48020
2022-07-26,113.0,113.0,109.5,111.5,101.74478912353516,24000
2022-07-27,112.0,112.0,110.0,111.0,101.28852844238281,20000
2022-07-28,111.0,111.0,108.5,109.5,99.91976928710938,30000
2022-07-29,110.0,110.0,108.0,109.0,99.46350860595703,35000
2022-08-01,110.0,111.5,109.0,111.5,101.74478912353516,29000
2022-08-02,110.0,111.5,108.5,111.5,101.74478912353516,21006
2022-08-03,112.5,112.5,109.0,109.5,99.91976928710938,35300
2022-08-04,109.0,109.0,107.5,109.0,99.46350860595703,32000
2022-08-05,110.0,116.0,110.0,114.5,104.48231506347656,86000
2022-08-08,113.5,114.5,112.0,114.0,104.02606201171875,41001
2022-08-09,114.0,116.0,113.0,115.0,104.93856811523438,47000
2022-08-10,114.5,114.5,112.0,113.0,103.1135482788086,83060
2022-08-11,115.0,118.5,114.0,117.5,107.21984100341797,236008
2022-08-12,119.0,121.0,118.5,120.5,109.9573745727539,203000
2022-08-15,121.0,124.0,120.5,122.0,111.32613372802734,217090
2022-08-16,123.0,123.0,118.5,119.5,109.04486083984375,145000
2022-08-17,120.5,124.0,119.5,122.5,111.78239440917969,104000
2022-08-18,122.5,128.5,122.5,128.0,116.80119323730469,354750
2022-08-19,130.0,134.0,129.5,131.5,119.9949722290039,889000
2022-08-22,132.0,132.5,130.0,132.0,120.45122528076172,213000
2022-08-23,129.5,132.5,128.5,129.0,117.71370697021484,306179
2022-08-24,130.0,131.0,128.0,129.5,118.16995239257812,365109
2022-08-25,127.0,132.0,127.0,130.5,123.07405853271484,461020
2022-08-26,130.0,132.0,129.0,130.5,123.07405853271484,213821
2022-08-29,126.0,128.5,126.0,127.5,120.24476623535156,301000
2022-08-30,128.5,136.5,127.5,134.5,126.84644317626953,495123
2022-08-31,134.0,136.5,131.0,131.5,124.01715087890625,519000
2022-09-01,131.0,131.5,130.0,131.5,124.01715087890625,135000
2022-09-02,131.5,135.5,131.5,134.0,126.37489318847656,601100
2022-09-05,134.5,137.5,131.0,131.0,123.54560852050781,621000
2022-09-06,133.5,134.0,130.0,134.0,126.37489318847656,270000
2022-09-07,134.0,134.0,131.0,134.0,126.37489318847656,200036
2022-09-08,134.0,139.0,133.5,137.5,129.6757354736328,869050
2022-09-12,138.0,139.0,133.5,135.5,127.78953552246094,776000
2022-09-13,137.0,138.0,135.5,137.5,129.6757354736328,683011
2022-09-14,139.0,143.5,135.5,141.0,132.9765625,1519203
2022-09-15,142.5,144.5,140.5,141.5,133.4481201171875,976050
2022-09-16,141.5,142.0,138.0,141.0,132.9765625,664031
2022-09-19,141.0,141.0,132.0,133.5,125.9033432006836,786100
2022-09-20,133.5,135.0,126.0,130.5,123.07405853271484,1142115
2022-09-21,130.0,133.5,129.5,130.0,122.60250854492188,471000
2022-09-22,129.0,131.0,126.5,130.5,123.07405853271484,267900
2022-09-23,131.0,131.5,127.5,128.5,121.1878662109375,230000
2022-09-26,127.0,127.5,125.0,127.0,119.7732162475586,309100
2022-09-27,131.0,131.0,126.5,129.0,121.65941619873047,176002
2022-09-28,129.0,130.5,122.5,123.5,116.47238159179688,480000
2022-09-29,124.5,135.0,124.5,134.0,126.37489318847656,820023
2022-09-30,129.5,135.5,128.0,135.5,127.78953552246094,519268
2022-10-03,135.5,137.0,132.0,136.5,128.73263549804688,746211
2022-10-04,139.5,141.5,136.0,140.0,132.03347778320312,1349003
2022-10-05,139.5,143.0,139.5,141.5,133.4481201171875,1166447
2022-10-06,141.5,146.5,141.5,146.0,137.69204711914062,2171426
2022-10-07,146.5,147.0,139.0,139.0,131.0903778076172,2054106
2022-10-11,139.5,142.0,137.5,140.5,132.50502014160156,1244006
2022-10-12,140.5,144.5,138.5,144.0,135.8058624267578,1008273
2022-10-13,144.0,144.5,138.0,139.0,131.0903778076172,898000
2022-10-14,142.0,144.0,140.5,141.0,132.9765625,606000
2022-10-17,141.0,142.0,138.0,140.0,132.03347778320312,645000
2022-10-18,142.0,145.0,141.0,141.5,133.4481201171875,661100
2022-10-19,141.5,143.0,137.5,137.5,129.6757354736328,622000
2022-10-20,136.5,137.5,129.0,130.0,122.60250854492188,1436030
2022-10-21,131.0,132.0,125.5,127.0,119.7732162475586,744000
2022-10-24,130.0,130.0,123.5,124.0,116.94393157958984,523004
2022-10-25,124.5,125.0,119.0,120.5,113.64309692382812,404008
2022-10-26,119.5,121.5,119.0,121.0,114.11463928222656,272003
2022-10-27,121.5,123.5,121.0,123.5,116.47238159179688,290022
2022-10-28,123.0,124.0,119.0,119.5,112.69999694824219,276000
2022-10-31,121.0,126.5,121.0,125.0,117.88702392578125,566049
2022-11-01,124.0,129.5,124.0,127.0,119.7732162475586,452016
2022-11-02,127.0,129.5,127.0,128.0,120.71631622314453,255014
2022-11-03,126.0,128.5,125.0,127.5,120.24476623535156,162000
2022-11-04,128.0,129.0,127.5,129.0,121.65941619873047,213008
2022-11-07,130.0,132.0,129.0,132.0,124.48870086669922,312010
2022-11-08,133.0,137.5,128.0,132.5,124.96025085449219,828000
2022-11-09,134.0,135.0,124.5,126.0,118.83012390136719,1886015
2022-11-10,127.0,127.0,122.5,123.5,116.47238159179688,692059
2022-11-11,125.0,126.0,123.0,123.5,116.47238159179688,560009
2022-11-14,124.5,126.5,124.0,125.5,118.35857391357422,273190
2022-11-15,125.0,126.0,124.0,125.0,117.88702392578125,204000
2022-11-16,125.0,125.5,121.5,121.5,114.58618927001953,350010
2022-11-17,121.5,123.5,121.5,123.0,116.0008316040039,202105
2022-11-18,122.5,123.5,120.5,120.5,113.64309692382812,282009
2022-11-21,121.0,122.5,120.5,121.5,114.58618927001953,144010
2022-11-22,121.0,122.0,120.0,120.5,113.64309692382812,180053
2022-11-23,120.5,121.0,119.0,121.0,114.11463928222656,228150
2022-11-24,121.5,122.0,120.5,122.0,115.0577392578125,135031
2022-11-25,122.0,122.0,119.0,119.5,112.69999694824219,314022
2022-11-28,118.0,120.0,117.5,119.5,112.69999694824219,163020
2022-11-29,119.5,120.5,118.0,120.0,113.17154693603516,206000
2022-11-30,119.5,122.5,119.5,121.0,114.11463928222656,271000
2022-12-01,121.5,123.0,121.5,122.5,115.52928924560547,173023
2022-12-02,122.5,123.5,122.5,123.0,116.0008316040039,203888
2022-12-05,123.0,123.5,122.5,122.5,115.52928924560547,169000
2022-12-06,123.0,124.0,121.5,122.0,115.0577392578125,246015
2022-12-07,122.0,122.0,120.0,120.5,113.64309692382812,180055
2022-12-08,120.0,124.0,120.0,123.5,116.47238159179688,167010
2022-12-09,123.5,123.5,121.0,121.0,114.11463928222656,184027
2022-12-12,121.0,122.0,119.5,122.0,115.0577392578125,180010
2022-12-13,122.0,122.0,119.0,119.0,112.22844696044922,189028
2022-12-14,119.0,121.0,119.0,121.0,114.11463928222656,118010
2022-12-15,121.0,121.0,120.5,120.5,113.64309692382812,73000
2022-12-16,120.5,120.5,119.0,119.5,112.69999694824219,111007
2022-12-19,119.5,120.0,118.5,118.5,111.75690460205078,111030
2022-12-20,118.5,120.0,117.5,118.5,111.75690460205078,244010
2022-12-21,118.5,119.5,117.0,118.0,111.28535461425781,128108
2022-12-22,118.5,121.0,118.5,121.0,114.11463928222656,178010
2022-12-23,120.0,121.0,119.5,119.5,112.69999694824219,46000
2022-12-26,120.0,120.5,118.5,119.5,112.69999694824219,104000
2022-12-27,119.5,120.0,118.5,120.0,113.17154693603516,58000
2022-12-28,120.0,120.0,117.0,118.5,111.75690460205078,183100
2022-12-29,117.5,118.5,117.0,118.5,111.75690460205078,83000
2022-12-30,119.0,120.0,118.5,120.0,113.17154693603516,81056
2023-01-03,120.0,121.0,119.5,121.0,114.11463928222656,68030
2023-01-04,120.5,120.5,119.0,119.0,112.22844696044922,50008
2023-01-05,119.5,120.5,119.0,119.5,112.69999694824219,95000
2023-01-06,119.5,120.5,119.5,120.5,113.64309692382812,114000
2023-01-09,121.0,122.5,120.5,122.0,115.0577392578125,198250
2023-01-10,122.5,124.5,122.5,123.5,116.47238159179688,316112
2023-01-11,123.5,124.5,122.0,122.0,115.0577392578125,134100
2023-01-12,123.0,123.5,122.0,122.5,115.52928924560547,125100
2023-01-13,123.0,123.0,121.0,122.0,115.0577392578125,135010
2023-01-16,121.5,122.5,121.5,122.0,115.0577392578125,71010
2023-01-17,121.5,124.0,121.5,123.0,116.0008316040039,125092
2023-01-30,123.0,124.0,122.0,122.5,115.52928924560547,194150
2023-01-31,122.5,123.5,122.0,123.5,116.47238159179688,108030
2023-02-01,124.0,127.0,123.5,126.0,118.83012390136719,406103
2023-02-02,126.0,126.5,125.0,126.0,118.83012390136719,153003
2023-02-03,126.0,127.0,125.5,126.0,118.83012390136719,175000
2023-02-06,126.0,126.5,125.0,125.5,118.35857391357422,123100
2023-02-07,125.5,128.0,125.5,127.5,120.24476623535156,222003
2023-02-08,128.0,128.0,126.0,126.5,119.30167388916016,177100
2023-02-09,125.5,125.5,122.0,122.5,115.52928924560547,447012
2023-02-10,122.5,122.5,121.5,122.0,115.0577392578125,149008
2023-02-13,121.5,122.5,121.0,121.0,114.11463928222656,78100
2023-02-14,121.0,121.5,120.5,121.0,114.11463928222656,107000
2023-02-15,121.0,121.0,118.5,119.5,112.69999694824219,281011
2023-02-16,120.0,120.5,119.5,120.5,113.64309692382812,154000
2023-02-17,120.0,120.0,119.5,119.5,112.69999694824219,54008
2023-02-20,119.5,122.5,119.0,122.0,115.0577392578125,154000
2023-02-21,122.0,122.0,120.5,121.0,114.11463928222656,99006
2023-02-22,120.5,121.0,120.0,120.0,113.17154693603516,115003
2023-02-23,121.0,122.5,120.0,121.5,114.58618927001953,100027
2023-02-24,122.5,122.5,121.0,122.0,115.0577392578125,118300
2023-03-01,122.0,124.0,121.5,122.5,115.52928924560547,130006
2023-03-02,122.5,123.5,122.0,123.5,116.47238159179688,109003
2023-03-03,122.0,122.0,118.0,120.0,113.17154693603516,697003
2023-03-06,121.0,121.0,119.5,120.0,113.17154693603516,253000
2023-03-07,120.0,121.0,120.0,120.5,113.64309692382812,118030
2023-03-08,120.5,120.5,119.5,120.0,113.17154693603516,195100
2023-03-09,118.5,119.5,118.5,119.5,112.69999694824219,154005
2023-03-10,119.0,119.0,117.0,117.5,110.81380462646484,225006
2023-03-13,117.0,117.0,114.5,116.0,109.39916229248047,184448
2023-03-14,116.0,116.0,114.5,114.5,107.9845199584961,183000
2023-03-15,115.0,115.0,113.5,113.5,107.04141998291016,166000
2023-03-16,113.5,113.5,112.5,113.5,107.04141998291016,144239
2023-03-17,115.0,115.0,113.5,114.5,107.9845199584961,94250
2023-03-20,114.0,115.0,113.0,113.5,107.04141998291016,106000
2023-03-21,115.0,115.0,114.0,114.5,107.9845199584961,87000
2023-03-22,114.5,116.0,114.5,115.5,108.9276123046875,135100
2023-03-23,115.5,116.0,114.5,115.5,108.9276123046875,181000
2023-03-24,116.0,117.5,115.5,116.5,109.87071228027344,122000
2023-03-27,118.0,118.0,115.0,116.0,109.39916229248047,92011
2023-03-28,115.5,115.5,114.5,115.0,108.45606231689453,95006
2023-03-29,115.0,115.5,114.0,114.5,107.9845199584961,135009
2023-03-30,114.5,115.0,113.5,113.5,107.04141998291016,99404
2023-03-31,114.0,114.0,113.0,113.5,107.04141998291016,153033
2023-04-06,113.0,114.0,113.0,113.0,106.56986999511719,82000
2023-04-07,113.5,113.5,113.0,113.0,106.56986999511719,74010
2023-04-10,113.5,114.5,113.5,113.5,107.04141998291016,64025
2023-04-11,114.5,115.0,114.0,115.0,108.45606231689453,76010
2023-04-12,115.0,115.5,114.0,115.0,108.45606231689453,67055
2023-04-13,115.5,115.5,114.0,114.5,107.9845199584961,78010
2023-04-14,114.5,115.5,114.5,115.0,108.45606231689453,96030
2023-04-17,115.0,116.0,114.5,115.5,108.9276123046875,61010
2023-04-18,115.5,117.5,115.5,116.5,109.87071228027344,139000
2023-04-19,116.5,117.0,115.0,115.0,108.45606231689453,81000
2023-04-20,115.0,115.5,114.5,115.0,108.45606231689453,38011
2023-04-21,114.5,115.0,113.5,113.5,107.04141998291016,104000
2023-04-24,114.0,114.0,113.5,114.0,107.51296997070312,27000
2023-04-25,115.0,115.0,113.5,113.5,107.04141998291016,77000
2023-04-26,114.5,116.0,113.5,115.5,108.9276123046875,93150
2023-04-27,115.0,116.0,114.5,114.5,107.9845199584961,35000
2023-04-28,114.5,115.5,114.5,115.0,108.45606231689453,32000
2023-05-02,115.0,116.5,114.5,115.0,108.45606231689453,55000
2023-05-03,115.0,116.0,115.0,115.5,108.9276123046875,21000
2023-05-04,115.5,116.0,115.5,115.5,108.9276123046875,45000
2023-05-05,114.5,115.5,114.5,115.0,108.45606231689453,51000
2023-05-08,115.0,115.5,114.5,115.0,108.45606231689453,76000
2023-05-09,115.0,115.0,114.0,114.5,107.9845199584961,67231
2023-05-10,115.5,119.5,115.0,118.5,111.75690460205078,266336
2023-05-11,119.0,119.0,116.0,116.0,109.39916229248047,105057
2023-05-12,116.0,117.0,116.0,117.0,110.34225463867188,43014
2023-05-15,117.0,117.0,116.0,116.5,109.87071228027344,37000
2023-05-16,117.0,117.5,117.0,117.0,110.34225463867188,60010
2023-05-17,117.0,119.5,116.0,118.5,111.75690460205078,199158
2023-05-18,118.5,119.0,117.0,117.0,110.34225463867188,121000
2023-05-19,117.0,118.5,117.0,117.0,110.34225463867188,49005
2023-05-22,117.0,118.5,117.0,117.0,110.34225463867188,110000
2023-05-23,117.5,118.5,117.0,118.0,111.28535461425781,40008
2023-05-24,117.5,119.0,117.5,118.0,111.28535461425781,71040
2023-05-25,118.0,118.0,117.0,117.5,110.81380462646484,63000
2023-05-26,117.5,118.0,117.0,117.0,110.34225463867188,69007
2023-05-29,117.0,118.0,117.0,117.0,110.34225463867188,54000
2023-05-30,117.0,118.0,116.5,117.0,110.34225463867188,55000
2023-05-31,118.0,118.0,117.0,117.5,110.81380462646484,34000
2023-06-01,118.0,118.0,116.5,117.0,110.34225463867188,106000
2023-06-02,118.0,118.0,117.0,117.0,110.34225463867188,141000
2023-06-05,118.0,119.0,117.5,118.0,111.28535461425781,68000
2023-06-06,118.0,120.0,118.0,119.5,112.69999694824219,185000
2023-06-07,120.5,121.5,120.0,120.5,113.64309692382812,183050
2023-06-08,120.0,121.0,119.5,119.5,112.69999694824219,69054
2023-06-09,120.5,121.0,120.0,121.0,114.11463928222656,95000
2023-06-12,121.5,123.0,120.5,120.5,113.64309692382812,171030
2023-06-13,120.5,121.0,119.5,120.0,113.17154693603516,139460
2023-06-14,120.5,121.5,120.0,120.5,113.64309692382812,49024
2023-06-15,120.5,123.0,120.5,123.0,116.0008316040039,240039
2023-06-16,123.5,123.5,122.5,123.0,116.0008316040039,128050
2023-06-19,123.5,124.0,122.5,124.0,116.94393157958984,170015
2023-06-20,124.0,124.0,122.0,122.0,115.0577392578125,100100
2023-06-21,122.0,122.5,121.5,122.5,115.52928924560547,75012
2023-06-26,122.0,122.5,121.5,122.5,115.52928924560547,70085
2023-06-27,122.0,124.0,122.0,123.0,116.0008316040039,79000
2023-06-28,123.5,124.0,123.0,124.0,116.94393157958984,73050
2023-06-29,125.0,125.0,124.0,124.5,117.41548156738281,83250
2023-06-30,124.0,125.0,124.0,124.5,117.41548156738281,60000
2023-07-03,125.0,126.5,124.0,126.5,119.30167388916016,213023
2023-07-04,126.5,126.5,125.0,125.0,117.88702392578125,81010
2023-07-05,125.0,125.5,124.5,125.0,117.88702392578125,112000
2023-07-06,125.0,126.0,125.0,125.5,118.35857391357422,90054
2023-07-07,125.0,125.5,120.0,125.0,117.88702392578125,241050
2023-07-10,125.5,129.0,125.0,127.0,119.7732162475586,347028
2023-07-11,128.0,129.0,126.5,128.0,120.71631622314453,183003
2023-07-12,126.5,128.5,126.5,127.0,119.7732162475586,80027
2023-07-13,127.0,128.0,126.0,126.0,118.83012390136719,104015
2023-07-14,126.0,127.0,125.0,125.0,117.88702392578125,143092
2023-07-17,125.0,126.0,125.0,125.0,117.88702392578125,95000
2023-07-18,125.5,126.0,122.5,123.0,116.0008316040039,176043
2023-07-19,123.5,123.5,122.0,122.0,115.0577392578125,122000
2023-07-20,121.5,127.0,121.5,126.0,118.83012390136719,208096
2023-07-21,126.5,127.0,125.0,125.5,118.35857391357422,115000
2023-07-24,125.5,126.0,123.5,123.5,116.47238159179688,109019
2023-07-25,124.0,124.5,123.0,123.0,116.0008316040039,27000
2023-07-26,123.0,125.5,123.0,124.5,117.41548156738281,85019
2023-07-27,125.5,125.5,124.0,124.0,116.94393157958984,44000
2023-07-28,124.0,124.0,123.5,123.5,116.47238159179688,39020
2023-07-31,124.0,124.0,123.5,123.5,116.47238159179688,74000
2023-08-01,124.0,124.0,122.0,122.5,115.52928924560547,87014
2023-08-02,123.0,125.5,122.0,122.0,115.0577392578125,154000
2023-08-04,121.0,123.0,120.0,121.0,114.11463928222656,211000
2023-08-07,121.0,121.5,120.0,121.0,114.11463928222656,56000
2023-08-08,121.5,121.5,120.0,121.5,114.58618927001953,72700
2023-08-09,121.5,121.5,120.0,121.0,114.11463928222656,42000
2023-08-10,120.5,120.5,118.0,118.0,111.28535461425781,160024
2023-08-11,119.0,119.0,117.5,117.5,110.81380462646484,73020
2023-08-14,117.5,117.5,116.5,117.5,110.81380462646484,69013
2023-08-15,117.5,118.5,117.0,118.5,111.75690460205078,24011
2023-08-16,118.0,119.0,118.0,118.5,111.75690460205078,40010
2023-08-17,118.5,119.0,117.5,118.5,111.75690460205078,26000
2023-08-18,118.0,118.0,117.5,117.5,110.81380462646484,31000
2023-08-21,118.0,118.0,117.0,117.0,110.34225463867188,36000
2023-08-22,117.0,118.5,117.0,118.0,111.28535461425781,58000
2023-08-23,118.0,119.5,118.0,119.5,112.69999694824219,83018
2023-08-24,120.0,120.0,118.5,119.5,112.69999694824219,102000
2023-08-25,119.5,119.5,119.0,119.0,112.22844696044922,89000
2023-08-28,120.0,120.0,119.0,119.5,112.69999694824219,197010
2023-08-29,113.5,115.0,113.0,113.5,113.5,217011
2023-08-30,113.5,114.0,113.5,113.5,113.5,37046
2023-08-31,113.5,113.5,112.0,112.0,112.0,83000
2023-09-01,112.0,112.5,111.5,112.0,112.0,99273
2023-09-04,112.0,112.0,111.0,112.0,112.0,84011
2023-09-05,113.0,114.5,112.5,114.0,114.0,56040
2023-09-06,114.0,114.0,113.0,113.0,113.0,57000
2023-09-07,112.0,113.5,112.0,112.5,112.5,53000
2023-09-08,112.5,112.5,111.5,112.5,112.5,104000
2023-09-11,112.5,113.0,112.5,113.0,113.0,58025
2023-09-12,113.0,113.5,112.5,113.5,113.5,46020
2023-09-13,113.5,114.5,113.0,113.5,113.5,62000
2023-09-14,113.5,114.5,112.5,113.5,113.5,59000
2023-09-15,114.5,114.5,114.0,114.0,114.0,28000
2023-09-18,114.5,115.5,114.5,115.0,115.0,65060
2023-09-19,115.0,116.0,115.0,116.0,116.0,59010
2023-09-20,115.0,116.0,115.0,115.5,115.5,26070
2023-09-21,114.5,114.5,112.5,113.0,113.0,96010
2023-09-22,112.0,112.5,111.5,112.0,112.0,36000
2023-09-25,112.5,113.5,112.5,113.5,113.5,15000
2023-09-26,113.0,113.0,112.0,112.0,112.0,32029
2023-09-27,112.0,112.5,112.0,112.0,112.0,33000
2023-09-28,112.0,113.0,112.0,112.5,112.5,27000
2023-10-02,112.5,113.5,112.5,113.5,113.5,31169
2023-10-03,113.0,113.0,112.5,113.0,113.0,8004
2023-10-04,112.5,112.5,111.5,112.5,112.5,53020
2023-10-05,112.5,113.0,111.5,113.0,113.0,51110
2023-10-06,113.0,113.5,112.0,112.5,112.5,37119
2023-10-11,113.0,117.0,113.0,117.0,117.0,305381
2023-10-12,117.0,118.0,115.5,117.5,117.5,103034
2023-10-13,117.0,118.0,116.0,117.5,117.5,116104
2023-10-16,117.5,118.0,117.0,117.5,117.5,97035
2023-10-17,117.5,118.0,116.5,116.5,116.5,108090
2023-10-18,116.5,117.0,109.5,109.5,109.5,222500
2023-10-19,111.5,112.5,111.0,111.5,111.5,224161
2023-10-20,111.5,112.5,110.5,111.0,111.0,65000
2023-10-23,111.0,112.5,111.0,111.0,111.0,45000
2023-10-24,111.5,112.0,111.5,111.5,111.5,11000
2023-10-25,111.5,112.5,111.5,112.0,112.0,64000
2023-10-26,111.5,112.5,111.0,111.0,111.0,29024
2023-10-27,111.0,112.5,110.5,110.5,110.5,41016
2023-10-30,111.0,112.0,111.0,111.0,111.0,21000
2023-10-31,112.0,112.0,110.5,110.5,110.5,16000
2023-11-01,111.0,111.5,110.0,110.0,110.0,22007
2023-11-02,110.5,111.5,110.5,110.5,110.5,24000
2023-11-03,114.0,116.5,112.0,112.5,112.5,211000
2023-11-06,114.0,114.5,113.0,114.0,114.0,71000
2023-11-07,114.5,116.0,114.0,115.5,115.5,85000
2023-11-08,116.5,116.5,114.5,114.5,114.5,62000
2023-11-09,113.0,114.5,113.0,114.5,114.5,107000
2023-11-10,113.5,114.0,112.5,114.0,114.0,49000
2023-11-13,116.0,116.0,113.0,113.0,113.0,83002
2023-11-14,113.0,114.5,112.5,114.5,114.5,84000
2023-11-15,115.5,115.5,113.5,115.0,115.0,122000
2023-11-16,115.5,115.5,114.5,115.0,115.0,23000
2023-11-17,114.5,115.5,114.5,115.5,115.5,42050
2023-11-20,115.5,116.0,115.0,115.5,115.5,33000
2023-11-21,115.5,115.5,113.5,114.5,114.5,100000
2023-11-22,114.0,115.5,114.0,115.5,115.5,68200
2023-11-23,115.5,115.5,113.5,115.0,115.0,75000
2023-11-24,115.0,115.0,114.5,115.0,115.0,39000
2023-11-27,115.0,115.0,114.0,115.0,115.0,62025
2023-11-28,115.0,115.5,114.5,115.5,115.5,50121
2023-11-29,116.0,116.0,115.0,116.0,116.0,53002
2023-11-30,116.0,116.0,115.0,115.5,115.5,104000
2023-12-01,115.5,115.5,114.5,115.0,115.0,146007
2023-12-04,115.5,116.0,115.0,115.5,115.5,137000
2023-12-05,115.5,115.5,115.0,115.5,115.5,94000
2023-12-06,115.0,116.0,114.5,115.0,115.0,107193
2023-12-07,115.0,115.0,113.5,114.0,114.0,130320
2023-12-08,114.5,114.5,113.5,114.5,114.5,73109
2023-12-11,113.5,113.5,112.0,113.5,113.5,108160
2023-12-12,112.5,113.0,112.0,112.0,112.0,56663
2023-12-13,112.0,112.0,109.5,110.5,110.5,202000
2023-12-14,111.0,113.0,111.0,112.0,112.0,77000
2023-12-15,112.5,113.0,112.5,113.0,113.0,32000
2023-12-18,113.0,113.5,113.0,113.0,113.0,41115
2023-12-19,113.0,113.0,112.0,112.0,112.0,45005
2023-12-20,112.0,113.5,112.0,113.0,113.0,35000
2023-12-21,112.5,113.0,112.0,112.0,112.0,26010
2023-12-22,112.5,112.5,111.5,112.0,112.0,47000
2023-12-25,112.5,112.5,112.0,112.0,112.0,23000
2023-12-26,112.0,112.5,112.0,112.5,112.5,25000
2023-12-27,112.5,113.0,112.0,113.0,113.0,45000
2023-12-28,112.5,113.0,112.5,113.0,113.0,28010
2023-12-29,112.5,113.0,112.5,112.5,112.5,20000
